output_column	effect_index_0based	perturbation_bed_column_1based	context_id	context_name	assay	stage	tissue_raw
ctx172__ATAC__Fetal-ADR_E130	0	6	172	Fetal-ADR_E130	ATAC	E130	adrenal gland
ctx181__ATAC__Fetal-Brain_E130	1	7	181	Fetal-Brain_E130	ATAC	E130	brain
ctx197__ATAC__Fetal-GAL_E130	2	8	197	Fetal-GAL_E130	ATAC	E130	gall bladder
ctx222__ATAC__Fetal-LA_E130	3	9	222	Fetal-LA_E130	ATAC	E130	heart
ctx223__ATAC__Fetal-Largeintestine_E130	4	10	223	Fetal-Largeintestine_E130	ATAC	E130	intestine
ctx239__ATAC__Fetal-LV_E130	5	11	239	Fetal-LV_E130	ATAC	E130	heart
ctx240__ATAC__Fetal-mRLU_E130	6	12	240	Fetal-mRLU_E130	ATAC	E130	lung
ctx243__ATAC__Fetal-MUS_E130	7	13	243	Fetal-MUS_E130	ATAC	E130	musculature of body
ctx251__ATAC__Fetal-PAN_E130	8	14	251	Fetal-PAN_E130	ATAC	E130	pancreas
ctx258__ATAC__Fetal-RA_E130	9	15	258	Fetal-RA_E130	ATAC	E130	heart
ctx260__ATAC__Fetal-rKID_E130	10	16	260	Fetal-rKID_E130	ATAC	E130	kidney
ctx262__ATAC__Fetal-rLIV_E130	11	17	262	Fetal-rLIV_E130	ATAC	E130	liver
ctx264__ATAC__Fetal-RV_E130	12	18	264	Fetal-RV_E130	ATAC	E130	heart
ctx266__ATAC__Fetal-SCO_E130	13	19	266	Fetal-SCO_E130	ATAC	E130	spinal cord
ctx276__ATAC__Fetal-Skin_E130	14	20	276	Fetal-Skin_E130	ATAC	E130	skin of body
ctx283__ATAC__Fetal-Smallintestine_E130	15	21	283	Fetal-Smallintestine_E130	ATAC	E130	intestine
ctx285__ATAC__Fetal-SPL_E130	16	22	285	Fetal-SPL_E130	ATAC	E130	spleen
ctx294__ATAC__Fetal-STO_E130	17	23	294	Fetal-STO_E130	ATAC	E130	stomach
ctx302__ATAC__Fetal-Tail_E130	18	24	302	Fetal-Tail_E130	ATAC	E130	tail
ctx309__ATAC__Fetal-THY_E130	19	25	309	Fetal-THY_E130	ATAC	E130	thymus
ctx314__ATAC__Fetal-TON_E130	20	26	314	Fetal-TON_E130	ATAC	E130	tongue
ctx2159__CUT__Fetal-ADR_E130_CTCF	21	27	2159	Fetal-ADR_E130_CTCF	CUT	E130	adrenal gland
ctx2160__CUT__Fetal-ADR_E130_H3K27ac	22	28	2160	Fetal-ADR_E130_H3K27ac	CUT	E130	adrenal gland
ctx2161__CUT__Fetal-ADR_E130_H3K27me3	23	29	2161	Fetal-ADR_E130_H3K27me3	CUT	E130	adrenal gland
ctx2162__CUT__Fetal-ADR_E130_H3K36me3	24	30	2162	Fetal-ADR_E130_H3K36me3	CUT	E130	adrenal gland
ctx2163__CUT__Fetal-ADR_E130_H3K4me1	25	31	2163	Fetal-ADR_E130_H3K4me1	CUT	E130	adrenal gland
ctx2164__CUT__Fetal-ADR_E130_H3K4me2	26	32	2164	Fetal-ADR_E130_H3K4me2	CUT	E130	adrenal gland
ctx2165__CUT__Fetal-ADR_E130_H3K4me3	27	33	2165	Fetal-ADR_E130_H3K4me3	CUT	E130	adrenal gland
ctx2166__CUT__Fetal-ADR_E130_H3K9ac	28	34	2166	Fetal-ADR_E130_H3K9ac	CUT	E130	adrenal gland
ctx2167__CUT__Fetal-ADR_E130_H3K9me3	29	35	2167	Fetal-ADR_E130_H3K9me3	CUT	E130	adrenal gland
ctx2208__CUT__Fetal-Brain_E130_CTCF	30	36	2208	Fetal-Brain_E130_CTCF	CUT	E130	brain
ctx2209__CUT__Fetal-Brain_E130_H3K27ac	31	37	2209	Fetal-Brain_E130_H3K27ac	CUT	E130	brain
ctx2210__CUT__Fetal-Brain_E130_H3K27me3	32	38	2210	Fetal-Brain_E130_H3K27me3	CUT	E130	brain
ctx2211__CUT__Fetal-Brain_E130_H3K36me3	33	39	2211	Fetal-Brain_E130_H3K36me3	CUT	E130	brain
ctx2212__CUT__Fetal-Brain_E130_H3K4me1	34	40	2212	Fetal-Brain_E130_H3K4me1	CUT	E130	brain
ctx2213__CUT__Fetal-Brain_E130_H3K4me2	35	41	2213	Fetal-Brain_E130_H3K4me2	CUT	E130	brain
ctx2214__CUT__Fetal-Brain_E130_H3K4me3	36	42	2214	Fetal-Brain_E130_H3K4me3	CUT	E130	brain
ctx2215__CUT__Fetal-Brain_E130_H3K9ac	37	43	2215	Fetal-Brain_E130_H3K9ac	CUT	E130	brain
ctx2216__CUT__Fetal-Brain_E130_H3K9me3	38	44	2216	Fetal-Brain_E130_H3K9me3	CUT	E130	brain
ctx2494__CUT__Fetal-LA_E130_CTCF	39	45	2494	Fetal-LA_E130_CTCF	CUT	E130	heart
ctx2495__CUT__Fetal-LA_E130_H3K27ac	40	46	2495	Fetal-LA_E130_H3K27ac	CUT	E130	heart
ctx2496__CUT__Fetal-LA_E130_H3K27me3	41	47	2496	Fetal-LA_E130_H3K27me3	CUT	E130	heart
ctx2497__CUT__Fetal-LA_E130_H3K36me3	42	48	2497	Fetal-LA_E130_H3K36me3	CUT	E130	heart
ctx2498__CUT__Fetal-LA_E130_H3K4me1	43	49	2498	Fetal-LA_E130_H3K4me1	CUT	E130	heart
ctx2499__CUT__Fetal-LA_E130_H3K4me2	44	50	2499	Fetal-LA_E130_H3K4me2	CUT	E130	heart
ctx2500__CUT__Fetal-LA_E130_H3K4me3	45	51	2500	Fetal-LA_E130_H3K4me3	CUT	E130	heart
ctx2501__CUT__Fetal-LA_E130_H3K9ac	46	52	2501	Fetal-LA_E130_H3K9ac	CUT	E130	heart
ctx2502__CUT__Fetal-LA_E130_H3K9me3	47	53	2502	Fetal-LA_E130_H3K9me3	CUT	E130	heart
ctx2503__CUT__Fetal-Largeintestine_E130_CTCF	48	54	2503	Fetal-Largeintestine_E130_CTCF	CUT	E130	intestine
ctx2504__CUT__Fetal-Largeintestine_E130_H3K27ac	49	55	2504	Fetal-Largeintestine_E130_H3K27ac	CUT	E130	intestine
ctx2505__CUT__Fetal-Largeintestine_E130_H3K27me3	50	56	2505	Fetal-Largeintestine_E130_H3K27me3	CUT	E130	intestine
ctx2506__CUT__Fetal-Largeintestine_E130_H3K36me3	51	57	2506	Fetal-Largeintestine_E130_H3K36me3	CUT	E130	intestine
ctx2507__CUT__Fetal-Largeintestine_E130_H3K4me1	52	58	2507	Fetal-Largeintestine_E130_H3K4me1	CUT	E130	intestine
ctx2508__CUT__Fetal-Largeintestine_E130_H3K4me2	53	59	2508	Fetal-Largeintestine_E130_H3K4me2	CUT	E130	intestine
ctx2509__CUT__Fetal-Largeintestine_E130_H3K4me3	54	60	2509	Fetal-Largeintestine_E130_H3K4me3	CUT	E130	intestine
ctx2510__CUT__Fetal-Largeintestine_E130_H3K9ac	55	61	2510	Fetal-Largeintestine_E130_H3K9ac	CUT	E130	intestine
ctx2511__CUT__Fetal-Largeintestine_E130_H3K9me3	56	62	2511	Fetal-Largeintestine_E130_H3K9me3	CUT	E130	intestine
ctx2642__CUT__Fetal-LV_E130_CTCF	57	63	2642	Fetal-LV_E130_CTCF	CUT	E130	heart
ctx2643__CUT__Fetal-LV_E130_H3K27ac	58	64	2643	Fetal-LV_E130_H3K27ac	CUT	E130	heart
ctx2644__CUT__Fetal-LV_E130_H3K27me3	59	65	2644	Fetal-LV_E130_H3K27me3	CUT	E130	heart
ctx2645__CUT__Fetal-LV_E130_H3K36me3	60	66	2645	Fetal-LV_E130_H3K36me3	CUT	E130	heart
ctx2646__CUT__Fetal-LV_E130_H3K4me1	61	67	2646	Fetal-LV_E130_H3K4me1	CUT	E130	heart
ctx2647__CUT__Fetal-LV_E130_H3K4me2	62	68	2647	Fetal-LV_E130_H3K4me2	CUT	E130	heart
ctx2648__CUT__Fetal-LV_E130_H3K4me3	63	69	2648	Fetal-LV_E130_H3K4me3	CUT	E130	heart
ctx2649__CUT__Fetal-LV_E130_H3K9ac	64	70	2649	Fetal-LV_E130_H3K9ac	CUT	E130	heart
ctx2650__CUT__Fetal-LV_E130_H3K9me3	65	71	2650	Fetal-LV_E130_H3K9me3	CUT	E130	heart
ctx2651__CUT__Fetal-mRLU_E130_CTCF	66	72	2651	Fetal-mRLU_E130_CTCF	CUT	E130	lung
ctx2652__CUT__Fetal-mRLU_E130_H3K27ac	67	73	2652	Fetal-mRLU_E130_H3K27ac	CUT	E130	lung
ctx2653__CUT__Fetal-mRLU_E130_H3K27me3	68	74	2653	Fetal-mRLU_E130_H3K27me3	CUT	E130	lung
ctx2654__CUT__Fetal-mRLU_E130_H3K36me3	69	75	2654	Fetal-mRLU_E130_H3K36me3	CUT	E130	lung
ctx2655__CUT__Fetal-mRLU_E130_H3K4me1	70	76	2655	Fetal-mRLU_E130_H3K4me1	CUT	E130	lung
ctx2656__CUT__Fetal-mRLU_E130_H3K4me2	71	77	2656	Fetal-mRLU_E130_H3K4me2	CUT	E130	lung
ctx2657__CUT__Fetal-mRLU_E130_H3K4me3	72	78	2657	Fetal-mRLU_E130_H3K4me3	CUT	E130	lung
ctx2658__CUT__Fetal-mRLU_E130_H3K9ac	73	79	2658	Fetal-mRLU_E130_H3K9ac	CUT	E130	lung
ctx2659__CUT__Fetal-mRLU_E130_H3K9me3	74	80	2659	Fetal-mRLU_E130_H3K9me3	CUT	E130	lung
ctx2678__CUT__Fetal-MUS_E130_CTCF	75	81	2678	Fetal-MUS_E130_CTCF	CUT	E130	musculature of body
ctx2679__CUT__Fetal-MUS_E130_H3K27ac	76	82	2679	Fetal-MUS_E130_H3K27ac	CUT	E130	musculature of body
ctx2680__CUT__Fetal-MUS_E130_H3K27me3	77	83	2680	Fetal-MUS_E130_H3K27me3	CUT	E130	musculature of body
ctx2681__CUT__Fetal-MUS_E130_H3K36me3	78	84	2681	Fetal-MUS_E130_H3K36me3	CUT	E130	musculature of body
ctx2682__CUT__Fetal-MUS_E130_H3K4me1	79	85	2682	Fetal-MUS_E130_H3K4me1	CUT	E130	musculature of body
ctx2683__CUT__Fetal-MUS_E130_H3K4me2	80	86	2683	Fetal-MUS_E130_H3K4me2	CUT	E130	musculature of body
ctx2684__CUT__Fetal-MUS_E130_H3K4me3	81	87	2684	Fetal-MUS_E130_H3K4me3	CUT	E130	musculature of body
ctx2685__CUT__Fetal-MUS_E130_H3K9ac	82	88	2685	Fetal-MUS_E130_H3K9ac	CUT	E130	musculature of body
ctx2686__CUT__Fetal-MUS_E130_H3K9me3	83	89	2686	Fetal-MUS_E130_H3K9me3	CUT	E130	musculature of body
ctx2736__CUT__Fetal-PAN_E130_H3K27me3	84	90	2736	Fetal-PAN_E130_H3K27me3	CUT	E130	pancreas
ctx2737__CUT__Fetal-PAN_E130_H3K36me3	85	91	2737	Fetal-PAN_E130_H3K36me3	CUT	E130	pancreas
ctx2738__CUT__Fetal-PAN_E130_H3K4me1	86	92	2738	Fetal-PAN_E130_H3K4me1	CUT	E130	pancreas
ctx2739__CUT__Fetal-PAN_E130_H3K9me3	87	93	2739	Fetal-PAN_E130_H3K9me3	CUT	E130	pancreas
ctx2761__CUT__Fetal-RA_E130_CTCF	88	94	2761	Fetal-RA_E130_CTCF	CUT	E130	heart
ctx2762__CUT__Fetal-RA_E130_H3K27ac	89	95	2762	Fetal-RA_E130_H3K27ac	CUT	E130	heart
ctx2763__CUT__Fetal-RA_E130_H3K27me3	90	96	2763	Fetal-RA_E130_H3K27me3	CUT	E130	heart
ctx2764__CUT__Fetal-RA_E130_H3K36me3	91	97	2764	Fetal-RA_E130_H3K36me3	CUT	E130	heart
ctx2765__CUT__Fetal-RA_E130_H3K4me1	92	98	2765	Fetal-RA_E130_H3K4me1	CUT	E130	heart
ctx2766__CUT__Fetal-RA_E130_H3K4me2	93	99	2766	Fetal-RA_E130_H3K4me2	CUT	E130	heart
ctx2767__CUT__Fetal-RA_E130_H3K4me3	94	100	2767	Fetal-RA_E130_H3K4me3	CUT	E130	heart
ctx2768__CUT__Fetal-RA_E130_H3K9ac	95	101	2768	Fetal-RA_E130_H3K9ac	CUT	E130	heart
ctx2769__CUT__Fetal-RA_E130_H3K9me3	96	102	2769	Fetal-RA_E130_H3K9me3	CUT	E130	heart
ctx2770__CUT__Fetal-rKID_E130_CTCF	97	103	2770	Fetal-rKID_E130_CTCF	CUT	E130	kidney
ctx2771__CUT__Fetal-rKID_E130_H3K27ac	98	104	2771	Fetal-rKID_E130_H3K27ac	CUT	E130	kidney
ctx2772__CUT__Fetal-rKID_E130_H3K27me3	99	105	2772	Fetal-rKID_E130_H3K27me3	CUT	E130	kidney
ctx2773__CUT__Fetal-rKID_E130_H3K36me3	100	106	2773	Fetal-rKID_E130_H3K36me3	CUT	E130	kidney
ctx2774__CUT__Fetal-rKID_E130_H3K4me1	101	107	2774	Fetal-rKID_E130_H3K4me1	CUT	E130	kidney
ctx2775__CUT__Fetal-rKID_E130_H3K4me2	102	108	2775	Fetal-rKID_E130_H3K4me2	CUT	E130	kidney
ctx2776__CUT__Fetal-rKID_E130_H3K4me3	103	109	2776	Fetal-rKID_E130_H3K4me3	CUT	E130	kidney
ctx2777__CUT__Fetal-rKID_E130_H3K9ac	104	110	2777	Fetal-rKID_E130_H3K9ac	CUT	E130	kidney
ctx2778__CUT__Fetal-rKID_E130_H3K9me3	105	111	2778	Fetal-rKID_E130_H3K9me3	CUT	E130	kidney
ctx2788__CUT__Fetal-rLIV_E130_CTCF	106	112	2788	Fetal-rLIV_E130_CTCF	CUT	E130	liver
ctx2789__CUT__Fetal-rLIV_E130_H3K27ac	107	113	2789	Fetal-rLIV_E130_H3K27ac	CUT	E130	liver
ctx2790__CUT__Fetal-rLIV_E130_H3K27me3	108	114	2790	Fetal-rLIV_E130_H3K27me3	CUT	E130	liver
ctx2791__CUT__Fetal-rLIV_E130_H3K36me3	109	115	2791	Fetal-rLIV_E130_H3K36me3	CUT	E130	liver
ctx2792__CUT__Fetal-rLIV_E130_H3K4me1	110	116	2792	Fetal-rLIV_E130_H3K4me1	CUT	E130	liver
ctx2793__CUT__Fetal-rLIV_E130_H3K4me2	111	117	2793	Fetal-rLIV_E130_H3K4me2	CUT	E130	liver
ctx2794__CUT__Fetal-rLIV_E130_H3K4me3	112	118	2794	Fetal-rLIV_E130_H3K4me3	CUT	E130	liver
ctx2795__CUT__Fetal-rLIV_E130_H3K9ac	113	119	2795	Fetal-rLIV_E130_H3K9ac	CUT	E130	liver
ctx2796__CUT__Fetal-rLIV_E130_H3K9me3	114	120	2796	Fetal-rLIV_E130_H3K9me3	CUT	E130	liver
ctx2806__CUT__Fetal-RV_E130_CTCF	115	121	2806	Fetal-RV_E130_CTCF	CUT	E130	heart
ctx2807__CUT__Fetal-RV_E130_H3K27ac	116	122	2807	Fetal-RV_E130_H3K27ac	CUT	E130	heart
ctx2808__CUT__Fetal-RV_E130_H3K27me3	117	123	2808	Fetal-RV_E130_H3K27me3	CUT	E130	heart
ctx2809__CUT__Fetal-RV_E130_H3K36me3	118	124	2809	Fetal-RV_E130_H3K36me3	CUT	E130	heart
ctx2810__CUT__Fetal-RV_E130_H3K4me1	119	125	2810	Fetal-RV_E130_H3K4me1	CUT	E130	heart
ctx2811__CUT__Fetal-RV_E130_H3K4me2	120	126	2811	Fetal-RV_E130_H3K4me2	CUT	E130	heart
ctx2812__CUT__Fetal-RV_E130_H3K4me3	121	127	2812	Fetal-RV_E130_H3K4me3	CUT	E130	heart
ctx2813__CUT__Fetal-RV_E130_H3K9ac	122	128	2813	Fetal-RV_E130_H3K9ac	CUT	E130	heart
ctx2814__CUT__Fetal-RV_E130_H3K9me3	123	129	2814	Fetal-RV_E130_H3K9me3	CUT	E130	heart
ctx2832__CUT__Fetal-SCO_E130_CTCF	124	130	2832	Fetal-SCO_E130_CTCF	CUT	E130	spinal cord
ctx2833__CUT__Fetal-SCO_E130_H3K27ac	125	131	2833	Fetal-SCO_E130_H3K27ac	CUT	E130	spinal cord
ctx2834__CUT__Fetal-SCO_E130_H3K27me3	126	132	2834	Fetal-SCO_E130_H3K27me3	CUT	E130	spinal cord
ctx2835__CUT__Fetal-SCO_E130_H3K36me3	127	133	2835	Fetal-SCO_E130_H3K36me3	CUT	E130	spinal cord
ctx2836__CUT__Fetal-SCO_E130_H3K4me1	128	134	2836	Fetal-SCO_E130_H3K4me1	CUT	E130	spinal cord
ctx2837__CUT__Fetal-SCO_E130_H3K4me2	129	135	2837	Fetal-SCO_E130_H3K4me2	CUT	E130	spinal cord
ctx2838__CUT__Fetal-SCO_E130_H3K4me3	130	136	2838	Fetal-SCO_E130_H3K4me3	CUT	E130	spinal cord
ctx2839__CUT__Fetal-SCO_E130_H3K9ac	131	137	2839	Fetal-SCO_E130_H3K9ac	CUT	E130	spinal cord
ctx2840__CUT__Fetal-SCO_E130_H3K9me3	132	138	2840	Fetal-SCO_E130_H3K9me3	CUT	E130	spinal cord
ctx2922__CUT__Fetal-Skin_E130_CTCF	133	139	2922	Fetal-Skin_E130_CTCF	CUT	E130	skin of body
ctx2923__CUT__Fetal-Skin_E130_H3K27ac	134	140	2923	Fetal-Skin_E130_H3K27ac	CUT	E130	skin of body
ctx2924__CUT__Fetal-Skin_E130_H3K27me3	135	141	2924	Fetal-Skin_E130_H3K27me3	CUT	E130	skin of body
ctx2925__CUT__Fetal-Skin_E130_H3K36me3	136	142	2925	Fetal-Skin_E130_H3K36me3	CUT	E130	skin of body
ctx2926__CUT__Fetal-Skin_E130_H3K4me1	137	143	2926	Fetal-Skin_E130_H3K4me1	CUT	E130	skin of body
ctx2927__CUT__Fetal-Skin_E130_H3K4me2	138	144	2927	Fetal-Skin_E130_H3K4me2	CUT	E130	skin of body
ctx2928__CUT__Fetal-Skin_E130_H3K4me3	139	145	2928	Fetal-Skin_E130_H3K4me3	CUT	E130	skin of body
ctx2929__CUT__Fetal-Skin_E130_H3K9ac	140	146	2929	Fetal-Skin_E130_H3K9ac	CUT	E130	skin of body
ctx2930__CUT__Fetal-Skin_E130_H3K9me3	141	147	2930	Fetal-Skin_E130_H3K9me3	CUT	E130	skin of body
ctx2985__CUT__Fetal-Smallintestine_E130_CTCF	142	148	2985	Fetal-Smallintestine_E130_CTCF	CUT	E130	intestine
ctx2986__CUT__Fetal-Smallintestine_E130_H3K27ac	143	149	2986	Fetal-Smallintestine_E130_H3K27ac	CUT	E130	intestine
ctx2987__CUT__Fetal-Smallintestine_E130_H3K27me3	144	150	2987	Fetal-Smallintestine_E130_H3K27me3	CUT	E130	intestine
ctx2988__CUT__Fetal-Smallintestine_E130_H3K36me3	145	151	2988	Fetal-Smallintestine_E130_H3K36me3	CUT	E130	intestine
ctx2989__CUT__Fetal-Smallintestine_E130_H3K4me1	146	152	2989	Fetal-Smallintestine_E130_H3K4me1	CUT	E130	intestine
ctx2990__CUT__Fetal-Smallintestine_E130_H3K4me2	147	153	2990	Fetal-Smallintestine_E130_H3K4me2	CUT	E130	intestine
ctx2991__CUT__Fetal-Smallintestine_E130_H3K4me3	148	154	2991	Fetal-Smallintestine_E130_H3K4me3	CUT	E130	intestine
ctx2992__CUT__Fetal-Smallintestine_E130_H3K9ac	149	155	2992	Fetal-Smallintestine_E130_H3K9ac	CUT	E130	intestine
ctx2993__CUT__Fetal-Smallintestine_E130_H3K9me3	150	156	2993	Fetal-Smallintestine_E130_H3K9me3	CUT	E130	intestine
ctx3012__CUT__Fetal-SPL_E130_CTCF	151	157	3012	Fetal-SPL_E130_CTCF	CUT	E130	spleen
ctx3013__CUT__Fetal-SPL_E130_H3K27ac	152	158	3013	Fetal-SPL_E130_H3K27ac	CUT	E130	spleen
ctx3014__CUT__Fetal-SPL_E130_H3K27me3	153	159	3014	Fetal-SPL_E130_H3K27me3	CUT	E130	spleen
ctx3015__CUT__Fetal-SPL_E130_H3K36me3	154	160	3015	Fetal-SPL_E130_H3K36me3	CUT	E130	spleen
ctx3016__CUT__Fetal-SPL_E130_H3K4me1	155	161	3016	Fetal-SPL_E130_H3K4me1	CUT	E130	spleen
ctx3017__CUT__Fetal-SPL_E130_H3K4me2	156	162	3017	Fetal-SPL_E130_H3K4me2	CUT	E130	spleen
ctx3018__CUT__Fetal-SPL_E130_H3K4me3	157	163	3018	Fetal-SPL_E130_H3K4me3	CUT	E130	spleen
ctx3019__CUT__Fetal-SPL_E130_H3K9ac	158	164	3019	Fetal-SPL_E130_H3K9ac	CUT	E130	spleen
ctx3020__CUT__Fetal-SPL_E130_H3K9me3	159	165	3020	Fetal-SPL_E130_H3K9me3	CUT	E130	spleen
ctx3060__CUT__Fetal-STO_E130_CTCF	160	166	3060	Fetal-STO_E130_CTCF	CUT	E130	stomach
ctx3061__CUT__Fetal-STO_E130_H3K27ac	161	167	3061	Fetal-STO_E130_H3K27ac	CUT	E130	stomach
ctx3062__CUT__Fetal-STO_E130_H3K27me3	162	168	3062	Fetal-STO_E130_H3K27me3	CUT	E130	stomach
ctx3063__CUT__Fetal-STO_E130_H3K36me3	163	169	3063	Fetal-STO_E130_H3K36me3	CUT	E130	stomach
ctx3064__CUT__Fetal-STO_E130_H3K4me1	164	170	3064	Fetal-STO_E130_H3K4me1	CUT	E130	stomach
ctx3065__CUT__Fetal-STO_E130_H3K4me2	165	171	3065	Fetal-STO_E130_H3K4me2	CUT	E130	stomach
ctx3066__CUT__Fetal-STO_E130_H3K4me3	166	172	3066	Fetal-STO_E130_H3K4me3	CUT	E130	stomach
ctx3067__CUT__Fetal-STO_E130_H3K9ac	167	173	3067	Fetal-STO_E130_H3K9ac	CUT	E130	stomach
ctx3068__CUT__Fetal-STO_E130_H3K9me3	168	174	3068	Fetal-STO_E130_H3K9me3	CUT	E130	stomach
ctx3121__CUT__Fetal-Tail_E130_CTCF	169	175	3121	Fetal-Tail_E130_CTCF	CUT	E130	tail
ctx3122__CUT__Fetal-Tail_E130_H3K27ac	170	176	3122	Fetal-Tail_E130_H3K27ac	CUT	E130	tail
ctx3123__CUT__Fetal-Tail_E130_H3K27me3	171	177	3123	Fetal-Tail_E130_H3K27me3	CUT	E130	tail
ctx3124__CUT__Fetal-Tail_E130_H3K36me3	172	178	3124	Fetal-Tail_E130_H3K36me3	CUT	E130	tail
ctx3125__CUT__Fetal-Tail_E130_H3K4me1	173	179	3125	Fetal-Tail_E130_H3K4me1	CUT	E130	tail
ctx3126__CUT__Fetal-Tail_E130_H3K4me2	174	180	3126	Fetal-Tail_E130_H3K4me2	CUT	E130	tail
ctx3127__CUT__Fetal-Tail_E130_H3K4me3	175	181	3127	Fetal-Tail_E130_H3K4me3	CUT	E130	tail
ctx3128__CUT__Fetal-Tail_E130_H3K9ac	176	182	3128	Fetal-Tail_E130_H3K9ac	CUT	E130	tail
ctx3129__CUT__Fetal-Tail_E130_H3K9me3	177	183	3129	Fetal-Tail_E130_H3K9me3	CUT	E130	tail
ctx3190__CUT__Fetal-THY_E130_H3K27me3	178	184	3190	Fetal-THY_E130_H3K27me3	CUT	E130	thymus
ctx3191__CUT__Fetal-THY_E130_H3K36me3	179	185	3191	Fetal-THY_E130_H3K36me3	CUT	E130	thymus
ctx3192__CUT__Fetal-THY_E130_H3K4me1	180	186	3192	Fetal-THY_E130_H3K4me1	CUT	E130	thymus
ctx3193__CUT__Fetal-THY_E130_H3K9me3	181	187	3193	Fetal-THY_E130_H3K9me3	CUT	E130	thymus
ctx3548__RNA__Fetal-ADR_E130	182	188	3548	Fetal-ADR_E130	RNA	E130	adrenal gland
ctx3558__RNA__Fetal-Brain_E130	183	189	3558	Fetal-Brain_E130	RNA	E130	brain
ctx3574__RNA__Fetal-GAL_E130	184	190	3574	Fetal-GAL_E130	RNA	E130	gall bladder
ctx3600__RNA__Fetal-LA_E130	185	191	3600	Fetal-LA_E130	RNA	E130	heart
ctx3601__RNA__Fetal-Largeintestine_E130	186	192	3601	Fetal-Largeintestine_E130	RNA	E130	intestine
ctx3617__RNA__Fetal-LV_E130	187	193	3617	Fetal-LV_E130	RNA	E130	heart
ctx3618__RNA__Fetal-mRLU_E130	188	194	3618	Fetal-mRLU_E130	RNA	E130	lung
ctx3621__RNA__Fetal-MUS_E130	189	195	3621	Fetal-MUS_E130	RNA	E130	musculature of body
ctx3629__RNA__Fetal-PAN_E130	190	196	3629	Fetal-PAN_E130	RNA	E130	pancreas
ctx3638__RNA__Fetal-RA_E130	191	197	3638	Fetal-RA_E130	RNA	E130	heart
ctx3640__RNA__Fetal-rKID_E130	192	198	3640	Fetal-rKID_E130	RNA	E130	kidney
ctx3642__RNA__Fetal-rLIV_E130	193	199	3642	Fetal-rLIV_E130	RNA	E130	liver
ctx3644__RNA__Fetal-RV_E130	194	200	3644	Fetal-RV_E130	RNA	E130	heart
ctx3647__RNA__Fetal-SCO_E130	195	201	3647	Fetal-SCO_E130	RNA	E130	spinal cord
ctx3657__RNA__Fetal-Skin_E130	196	202	3657	Fetal-Skin_E130	RNA	E130	skin of body
ctx3664__RNA__Fetal-Smallintestine_E130	197	203	3664	Fetal-Smallintestine_E130	RNA	E130	intestine
ctx3667__RNA__Fetal-SPL_E130	198	204	3667	Fetal-SPL_E130	RNA	E130	spleen
ctx3676__RNA__Fetal-STO_E130	199	205	3676	Fetal-STO_E130	RNA	E130	stomach
ctx3684__RNA__Fetal-Tail_E130	200	206	3684	Fetal-Tail_E130	RNA	E130	tail
ctx3693__RNA__Fetal-THY_E130	201	207	3693	Fetal-THY_E130	RNA	E130	thymus
ctx3698__RNA__Fetal-TON_E130	202	208	3698	Fetal-TON_E130	RNA	E130	tongue
