tissue	rows_LGCRE_with_overlapping_SNP	effect_columns	file
Brain	6336	203	C:\Users\zyfeng\OneDrive - Stanford\Share\EnformerPro\DataSet\MonkeyNew\PredictHuman\cCRE\Model\Prediction\Summary\Perturbation\LG_CRE_Perturbation_Output\LGCRE_by_tissue_AbsPerb_mean_all_omics\Brain_LGCRE_AbsPerb_mean_all_omics.tsv
Heart	5347	203	C:\Users\zyfeng\OneDrive - Stanford\Share\EnformerPro\DataSet\MonkeyNew\PredictHuman\cCRE\Model\Prediction\Summary\Perturbation\LG_CRE_Perturbation_Output\LGCRE_by_tissue_AbsPerb_mean_all_omics\Heart_LGCRE_AbsPerb_mean_all_omics.tsv
Muscle	4740	203	C:\Users\zyfeng\OneDrive - Stanford\Share\EnformerPro\DataSet\MonkeyNew\PredictHuman\cCRE\Model\Prediction\Summary\Perturbation\LG_CRE_Perturbation_Output\LGCRE_by_tissue_AbsPerb_mean_all_omics\Muscle_LGCRE_AbsPerb_mean_all_omics.tsv
Lung	9014	203	C:\Users\zyfeng\OneDrive - Stanford\Share\EnformerPro\DataSet\MonkeyNew\PredictHuman\cCRE\Model\Prediction\Summary\Perturbation\LG_CRE_Perturbation_Output\LGCRE_by_tissue_AbsPerb_mean_all_omics\Lung_LGCRE_AbsPerb_mean_all_omics.tsv
Skin	8512	203	C:\Users\zyfeng\OneDrive - Stanford\Share\EnformerPro\DataSet\MonkeyNew\PredictHuman\cCRE\Model\Prediction\Summary\Perturbation\LG_CRE_Perturbation_Output\LGCRE_by_tissue_AbsPerb_mean_all_omics\Skin_LGCRE_AbsPerb_mean_all_omics.tsv
SpinalCord	6160	203	C:\Users\zyfeng\OneDrive - Stanford\Share\EnformerPro\DataSet\MonkeyNew\PredictHuman\cCRE\Model\Prediction\Summary\Perturbation\LG_CRE_Perturbation_Output\LGCRE_by_tissue_AbsPerb_mean_all_omics\SpinalCord_LGCRE_AbsPerb_mean_all_omics.tsv
Pancreas	7829	203	C:\Users\zyfeng\OneDrive - Stanford\Share\EnformerPro\DataSet\MonkeyNew\PredictHuman\cCRE\Model\Prediction\Summary\Perturbation\LG_CRE_Perturbation_Output\LGCRE_by_tissue_AbsPerb_mean_all_omics\Pancreas_LGCRE_AbsPerb_mean_all_omics.tsv
Spleen	8073	203	C:\Users\zyfeng\OneDrive - Stanford\Share\EnformerPro\DataSet\MonkeyNew\PredictHuman\cCRE\Model\Prediction\Summary\Perturbation\LG_CRE_Perturbation_Output\LGCRE_by_tissue_AbsPerb_mean_all_omics\Spleen_LGCRE_AbsPerb_mean_all_omics.tsv
Intestine	11312	203	C:\Users\zyfeng\OneDrive - Stanford\Share\EnformerPro\DataSet\MonkeyNew\PredictHuman\cCRE\Model\Prediction\Summary\Perturbation\LG_CRE_Perturbation_Output\LGCRE_by_tissue_AbsPerb_mean_all_omics\Intestine_LGCRE_AbsPerb_mean_all_omics.tsv
Kidney	15693	203	C:\Users\zyfeng\OneDrive - Stanford\Share\EnformerPro\DataSet\MonkeyNew\PredictHuman\cCRE\Model\Prediction\Summary\Perturbation\LG_CRE_Perturbation_Output\LGCRE_by_tissue_AbsPerb_mean_all_omics\Kidney_LGCRE_AbsPerb_mean_all_omics.tsv
Stomach	16493	203	C:\Users\zyfeng\OneDrive - Stanford\Share\EnformerPro\DataSet\MonkeyNew\PredictHuman\cCRE\Model\Prediction\Summary\Perturbation\LG_CRE_Perturbation_Output\LGCRE_by_tissue_AbsPerb_mean_all_omics\Stomach_LGCRE_AbsPerb_mean_all_omics.tsv
Liver	21977	203	C:\Users\zyfeng\OneDrive - Stanford\Share\EnformerPro\DataSet\MonkeyNew\PredictHuman\cCRE\Model\Prediction\Summary\Perturbation\LG_CRE_Perturbation_Output\LGCRE_by_tissue_AbsPerb_mean_all_omics\Liver_LGCRE_AbsPerb_mean_all_omics.tsv
Adrenal_gland	25799	203	C:\Users\zyfeng\OneDrive - Stanford\Share\EnformerPro\DataSet\MonkeyNew\PredictHuman\cCRE\Model\Prediction\Summary\Perturbation\LG_CRE_Perturbation_Output\LGCRE_by_tissue_AbsPerb_mean_all_omics\Adrenal_gland_LGCRE_AbsPerb_mean_all_omics.tsv
Thymus	23797	203	C:\Users\zyfeng\OneDrive - Stanford\Share\EnformerPro\DataSet\MonkeyNew\PredictHuman\cCRE\Model\Prediction\Summary\Perturbation\LG_CRE_Perturbation_Output\LGCRE_by_tissue_AbsPerb_mean_all_omics\Thymus_LGCRE_AbsPerb_mean_all_omics.tsv
