column	assay	stage	tissue	marker	context	context_id	marker_id
ATAC-E110-Brain	ATAC	E110	Brain	ATAC	E110-Brain	0	0
ATAC-E130-Brain	ATAC	E130	Brain	ATAC	E130-Brain	1	0
ATAC-E40-Brain	ATAC	E40	Brain	ATAC	E40-Brain	2	0
ATAC-E50-Brain	ATAC	E50	Brain	ATAC	E50-Brain	3	0
ATAC-E60-Brain	ATAC	E60	Brain	ATAC	E60-Brain	4	0
ATAC-E70-Brain	ATAC	E70	Brain	ATAC	E70-Brain	5	0
ATAC-E80-Brain	ATAC	E80	Brain	ATAC	E80-Brain	6	0
ATAC-E90-Brain	ATAC	E90	Brain	ATAC	E90-Brain	7	0
ATAC-P0-Brain	ATAC	P0	Brain	ATAC	P0-Brain	8	0
CUT-Tag-E110-Brain-CTCF	CUT-Tag	E110	Brain	CTCF	E110-Brain	0	1
CUT-Tag-E110-Brain-H3K27ac	CUT-Tag	E110	Brain	H3K27ac	E110-Brain	0	2
CUT-Tag-E110-Brain-H3K27me3	CUT-Tag	E110	Brain	H3K27me3	E110-Brain	0	3
CUT-Tag-E110-Brain-H3K36me3	CUT-Tag	E110	Brain	H3K36me3	E110-Brain	0	4
CUT-Tag-E110-Brain-H3K4me1	CUT-Tag	E110	Brain	H3K4me1	E110-Brain	0	5
CUT-Tag-E110-Brain-H3K4me2	CUT-Tag	E110	Brain	H3K4me2	E110-Brain	0	6
CUT-Tag-E110-Brain-H3K4me3	CUT-Tag	E110	Brain	H3K4me3	E110-Brain	0	7
CUT-Tag-E110-Brain-H3K9ac	CUT-Tag	E110	Brain	H3K9ac	E110-Brain	0	8
CUT-Tag-E110-Brain-H3K9me3	CUT-Tag	E110	Brain	H3K9me3	E110-Brain	0	9
CUT-Tag-E130-Brain-CTCF	CUT-Tag	E130	Brain	CTCF	E130-Brain	1	1
CUT-Tag-E130-Brain-H3K27ac	CUT-Tag	E130	Brain	H3K27ac	E130-Brain	1	2
CUT-Tag-E130-Brain-H3K27me3	CUT-Tag	E130	Brain	H3K27me3	E130-Brain	1	3
CUT-Tag-E130-Brain-H3K36me3	CUT-Tag	E130	Brain	H3K36me3	E130-Brain	1	4
CUT-Tag-E130-Brain-H3K4me1	CUT-Tag	E130	Brain	H3K4me1	E130-Brain	1	5
CUT-Tag-E130-Brain-H3K4me2	CUT-Tag	E130	Brain	H3K4me2	E130-Brain	1	6
CUT-Tag-E130-Brain-H3K4me3	CUT-Tag	E130	Brain	H3K4me3	E130-Brain	1	7
CUT-Tag-E130-Brain-H3K9ac	CUT-Tag	E130	Brain	H3K9ac	E130-Brain	1	8
CUT-Tag-E130-Brain-H3K9me3	CUT-Tag	E130	Brain	H3K9me3	E130-Brain	1	9
CUT-Tag-E40-Brain-CTCF	CUT-Tag	E40	Brain	CTCF	E40-Brain	2	1
CUT-Tag-E40-Brain-H3K27ac	CUT-Tag	E40	Brain	H3K27ac	E40-Brain	2	2
CUT-Tag-E40-Brain-H3K27me3	CUT-Tag	E40	Brain	H3K27me3	E40-Brain	2	3
CUT-Tag-E40-Brain-H3K36me3	CUT-Tag	E40	Brain	H3K36me3	E40-Brain	2	4
CUT-Tag-E40-Brain-H3K4me1	CUT-Tag	E40	Brain	H3K4me1	E40-Brain	2	5
CUT-Tag-E40-Brain-H3K4me2	CUT-Tag	E40	Brain	H3K4me2	E40-Brain	2	6
CUT-Tag-E40-Brain-H3K4me3	CUT-Tag	E40	Brain	H3K4me3	E40-Brain	2	7
CUT-Tag-E40-Brain-H3K9ac	CUT-Tag	E40	Brain	H3K9ac	E40-Brain	2	8
CUT-Tag-E40-Brain-H3K9me3	CUT-Tag	E40	Brain	H3K9me3	E40-Brain	2	9
CUT-Tag-E50-Brain-CTCF	CUT-Tag	E50	Brain	CTCF	E50-Brain	3	1
CUT-Tag-E50-Brain-H3K27ac	CUT-Tag	E50	Brain	H3K27ac	E50-Brain	3	2
CUT-Tag-E50-Brain-H3K27me3	CUT-Tag	E50	Brain	H3K27me3	E50-Brain	3	3
CUT-Tag-E50-Brain-H3K36me3	CUT-Tag	E50	Brain	H3K36me3	E50-Brain	3	4
CUT-Tag-E50-Brain-H3K4me1	CUT-Tag	E50	Brain	H3K4me1	E50-Brain	3	5
CUT-Tag-E50-Brain-H3K4me2	CUT-Tag	E50	Brain	H3K4me2	E50-Brain	3	6
CUT-Tag-E50-Brain-H3K4me3	CUT-Tag	E50	Brain	H3K4me3	E50-Brain	3	7
CUT-Tag-E50-Brain-H3K9ac	CUT-Tag	E50	Brain	H3K9ac	E50-Brain	3	8
CUT-Tag-E50-Brain-H3K9me3	CUT-Tag	E50	Brain	H3K9me3	E50-Brain	3	9
CUT-Tag-E60-Brain-CTCF	CUT-Tag	E60	Brain	CTCF	E60-Brain	4	1
CUT-Tag-E60-Brain-H3K27ac	CUT-Tag	E60	Brain	H3K27ac	E60-Brain	4	2
CUT-Tag-E60-Brain-H3K27me3	CUT-Tag	E60	Brain	H3K27me3	E60-Brain	4	3
CUT-Tag-E60-Brain-H3K36me3	CUT-Tag	E60	Brain	H3K36me3	E60-Brain	4	4
CUT-Tag-E60-Brain-H3K4me1	CUT-Tag	E60	Brain	H3K4me1	E60-Brain	4	5
CUT-Tag-E60-Brain-H3K4me2	CUT-Tag	E60	Brain	H3K4me2	E60-Brain	4	6
CUT-Tag-E60-Brain-H3K4me3	CUT-Tag	E60	Brain	H3K4me3	E60-Brain	4	7
CUT-Tag-E60-Brain-H3K9ac	CUT-Tag	E60	Brain	H3K9ac	E60-Brain	4	8
CUT-Tag-E60-Brain-H3K9me3	CUT-Tag	E60	Brain	H3K9me3	E60-Brain	4	9
CUT-Tag-E70-Brain-CTCF	CUT-Tag	E70	Brain	CTCF	E70-Brain	5	1
CUT-Tag-E70-Brain-H3K27ac	CUT-Tag	E70	Brain	H3K27ac	E70-Brain	5	2
CUT-Tag-E70-Brain-H3K27me3	CUT-Tag	E70	Brain	H3K27me3	E70-Brain	5	3
CUT-Tag-E70-Brain-H3K36me3	CUT-Tag	E70	Brain	H3K36me3	E70-Brain	5	4
CUT-Tag-E70-Brain-H3K4me1	CUT-Tag	E70	Brain	H3K4me1	E70-Brain	5	5
CUT-Tag-E70-Brain-H3K4me2	CUT-Tag	E70	Brain	H3K4me2	E70-Brain	5	6
CUT-Tag-E70-Brain-H3K4me3	CUT-Tag	E70	Brain	H3K4me3	E70-Brain	5	7
CUT-Tag-E70-Brain-H3K9ac	CUT-Tag	E70	Brain	H3K9ac	E70-Brain	5	8
CUT-Tag-E70-Brain-H3K9me3	CUT-Tag	E70	Brain	H3K9me3	E70-Brain	5	9
CUT-Tag-E80-Brain-CTCF	CUT-Tag	E80	Brain	CTCF	E80-Brain	6	1
CUT-Tag-E80-Brain-H3K27ac	CUT-Tag	E80	Brain	H3K27ac	E80-Brain	6	2
CUT-Tag-E80-Brain-H3K27me3	CUT-Tag	E80	Brain	H3K27me3	E80-Brain	6	3
CUT-Tag-E80-Brain-H3K36me3	CUT-Tag	E80	Brain	H3K36me3	E80-Brain	6	4
CUT-Tag-E80-Brain-H3K4me1	CUT-Tag	E80	Brain	H3K4me1	E80-Brain	6	5
CUT-Tag-E80-Brain-H3K4me2	CUT-Tag	E80	Brain	H3K4me2	E80-Brain	6	6
CUT-Tag-E80-Brain-H3K4me3	CUT-Tag	E80	Brain	H3K4me3	E80-Brain	6	7
CUT-Tag-E80-Brain-H3K9ac	CUT-Tag	E80	Brain	H3K9ac	E80-Brain	6	8
CUT-Tag-E80-Brain-H3K9me3	CUT-Tag	E80	Brain	H3K9me3	E80-Brain	6	9
CUT-Tag-E90-Brain-CTCF	CUT-Tag	E90	Brain	CTCF	E90-Brain	7	1
CUT-Tag-E90-Brain-H3K27ac	CUT-Tag	E90	Brain	H3K27ac	E90-Brain	7	2
CUT-Tag-E90-Brain-H3K27me3	CUT-Tag	E90	Brain	H3K27me3	E90-Brain	7	3
CUT-Tag-E90-Brain-H3K36me3	CUT-Tag	E90	Brain	H3K36me3	E90-Brain	7	4
CUT-Tag-E90-Brain-H3K4me1	CUT-Tag	E90	Brain	H3K4me1	E90-Brain	7	5
CUT-Tag-E90-Brain-H3K4me2	CUT-Tag	E90	Brain	H3K4me2	E90-Brain	7	6
CUT-Tag-E90-Brain-H3K4me3	CUT-Tag	E90	Brain	H3K4me3	E90-Brain	7	7
CUT-Tag-E90-Brain-H3K9ac	CUT-Tag	E90	Brain	H3K9ac	E90-Brain	7	8
CUT-Tag-E90-Brain-H3K9me3	CUT-Tag	E90	Brain	H3K9me3	E90-Brain	7	9
CUT-Tag-P0-Brain-CTCF	CUT-Tag	P0	Brain	CTCF	P0-Brain	8	1
CUT-Tag-P0-Brain-H3K27ac	CUT-Tag	P0	Brain	H3K27ac	P0-Brain	8	2
CUT-Tag-P0-Brain-H3K27me3	CUT-Tag	P0	Brain	H3K27me3	P0-Brain	8	3
CUT-Tag-P0-Brain-H3K36me3	CUT-Tag	P0	Brain	H3K36me3	P0-Brain	8	4
CUT-Tag-P0-Brain-H3K4me1	CUT-Tag	P0	Brain	H3K4me1	P0-Brain	8	5
CUT-Tag-P0-Brain-H3K4me2	CUT-Tag	P0	Brain	H3K4me2	P0-Brain	8	6
CUT-Tag-P0-Brain-H3K4me3	CUT-Tag	P0	Brain	H3K4me3	P0-Brain	8	7
CUT-Tag-P0-Brain-H3K9ac	CUT-Tag	P0	Brain	H3K9ac	P0-Brain	8	8
CUT-Tag-P0-Brain-H3K9me3	CUT-Tag	P0	Brain	H3K9me3	P0-Brain	8	9
