context_id	context	stage	tissue	observed_marker_count	observed_markers
0	E110-Brain	E110	Brain	10	ATAC,CTCF,H3K27ac,H3K27me3,H3K36me3,H3K4me1,H3K4me2,H3K4me3,H3K9ac,H3K9me3
1	E130-Brain	E130	Brain	10	ATAC,CTCF,H3K27ac,H3K27me3,H3K36me3,H3K4me1,H3K4me2,H3K4me3,H3K9ac,H3K9me3
2	E40-Brain	E40	Brain	10	ATAC,CTCF,H3K27ac,H3K27me3,H3K36me3,H3K4me1,H3K4me2,H3K4me3,H3K9ac,H3K9me3
3	E50-Brain	E50	Brain	10	ATAC,CTCF,H3K27ac,H3K27me3,H3K36me3,H3K4me1,H3K4me2,H3K4me3,H3K9ac,H3K9me3
4	E60-Brain	E60	Brain	10	ATAC,CTCF,H3K27ac,H3K27me3,H3K36me3,H3K4me1,H3K4me2,H3K4me3,H3K9ac,H3K9me3
5	E70-Brain	E70	Brain	10	ATAC,CTCF,H3K27ac,H3K27me3,H3K36me3,H3K4me1,H3K4me2,H3K4me3,H3K9ac,H3K9me3
6	E80-Brain	E80	Brain	10	ATAC,CTCF,H3K27ac,H3K27me3,H3K36me3,H3K4me1,H3K4me2,H3K4me3,H3K9ac,H3K9me3
7	E90-Brain	E90	Brain	10	ATAC,CTCF,H3K27ac,H3K27me3,H3K36me3,H3K4me1,H3K4me2,H3K4me3,H3K9ac,H3K9me3
8	P0-Brain	P0	Brain	10	ATAC,CTCF,H3K27ac,H3K27me3,H3K36me3,H3K4me1,H3K4me2,H3K4me3,H3K9ac,H3K9me3
