context_id	context	ATAC	CTCF	H3K27ac	H3K27me3	H3K36me3	H3K4me1	H3K4me2	H3K4me3	H3K9ac	H3K9me3
0	E110-Brain	1.0	1.0	1.0	1.0	1.0	1.0	1.0	1.0	1.0	1.0
1	E130-Brain	1.0	1.0	1.0	1.0	1.0	1.0	1.0	1.0	1.0	1.0
2	E40-Brain	1.0	1.0	1.0	1.0	1.0	1.0	1.0	1.0	1.0	1.0
3	E50-Brain	1.0	1.0	1.0	1.0	1.0	1.0	1.0	1.0	1.0	1.0
4	E60-Brain	1.0	1.0	1.0	1.0	1.0	1.0	1.0	1.0	1.0	1.0
5	E70-Brain	1.0	1.0	1.0	1.0	1.0	1.0	1.0	1.0	1.0	1.0
6	E80-Brain	1.0	1.0	1.0	1.0	1.0	1.0	1.0	1.0	1.0	1.0
7	E90-Brain	1.0	1.0	1.0	1.0	1.0	1.0	1.0	1.0	1.0	1.0
8	P0-Brain	1.0	1.0	1.0	1.0	1.0	1.0	1.0	1.0	1.0	1.0
