epoch	train_loss	learning_rate	n_train	n_val	fold	val_accuracy	val_balanced_accuracy	val_macro_f1
1	1.3334645881432707	0.0006000000000000001	53202	5912	1	0.5260487144790257	0.5495029963431635	0.5250890034541364
2	1.1470305342713871	0.0012000000000000001	53202	5912	1	0.5554803788903924	0.5725163104341485	0.5578501620711173
3	1.1217814207946415	0.0018000000000000002	53202	5912	1	0.5465155615696887	0.5685658778081066	0.5448385528451433
4	1.1079410516939228	0.0024000000000000002	53202	5912	1	0.5544654939106901	0.5701149490927007	0.5564515492290232
5	1.1059614233556383	0.003	53202	5912	1	0.5619079837618404	0.5827221383565203	0.5632310628329634
6	1.092042146663523	0.002996358255138437	53202	5912	1	0.5497293640054127	0.572553428054657	0.5488071620963567
7	1.0851717062325572	0.002985450762768648	53202	5912	1	0.5610622462787551	0.5784246584584289	0.5646422035831423
8	1.0828155226861798	0.0029673306630970397	53202	5912	1	0.5564952638700947	0.5777976067255154	0.5537610444085846
9	1.071872444965038	0.0029420862354277866	53202	5912	1	0.5696887686062246	0.5898771880693062	0.5712246671934459
10	1.0697972920016146	0.0029098404680749333	53202	5912	1	0.5707036535859269	0.584666447903112	0.5753285850427702
11	1.0694988424368117	0.0028707504591756884	53202	5912	1	0.5664749661705006	0.5865604265692573	0.5688175778887378
12	1.0655851898854454	0.002825006651324096	53202	5912	1	0.5693504736129905	0.5894666963688004	0.5714197648046409
13	1.060997311609418	0.002772831903753857	53202	5912	1	0.5740866035182679	0.5915092406135	0.577380642130104
14	1.0611437068774796	0.0027144804065905464	53202	5912	1	0.574594046008119	0.593478372705367	0.5783144760376687
15	1.0571797169140822	0.002650236442462872	53202	5912	1	0.5615696887686062	0.5819574667143969	0.5599676503423968
16	1.0550367213708065	0.0025804130015062835	53202	5912	1	0.5762855209742895	0.5941315009758353	0.5801398983914973
17	1.0537797928725834	0.002505350256506493	53202	5912	1	0.5827131258457375	0.5992101851030802	0.5870093404766653
18	1.04816934628252	0.002425413905611859	53202	5912	1	0.5725642760487145	0.5919271772938374	0.5747550002578874
19	1.0495370202017729	0.0023409933906887665	53202	5912	1	0.5757780784844384	0.5943860724090827	0.5789211397089661
20	1.0472613891723133	0.0022525	53202	5912	1	0.5774695534506089	0.5969039302302173	0.5803037314827216
21	1.0446207916923476	0.002160364864449671	53202	5912	1	0.581190798376184	0.5972898633270992	0.5850217326156529
22	1.0452548017681444	0.002065036857156789	53202	5912	1	0.5815290933694182	0.5982395849575999	0.58495287328691
23	1.0403503916558545	0.0019669804065905465	53202	5912	1	0.5789918809201624	0.5969634930986335	0.5809503854903143
24	1.0373615992257015	0.0018666732339215032	53202	5912	1	0.5769621109607578	0.5958402427854225	0.5802686952496524
25	1.034473552001983	0.0017646040256120612	53202	5912	1	0.5788227334235453	0.5979274005522824	0.5812433361459813
1	1.3360432364349908	0.0006000000000000001	53202	5912	2	0.5433017591339648	0.5630617520692932	0.5429402302937467
2	1.1455673491039258	0.0012000000000000001	53202	5912	2	0.5514208389715832	0.5717435358929962	0.5488677491889183
3	1.1252854565454469	0.0018000000000000002	53202	5912	2	0.5493910690121786	0.5716779265229893	0.547343634105339
4	1.1111679206884497	0.0024000000000000002	53202	5912	2	0.5595399188092016	0.5797966681971803	0.560745536007263
5	1.1043192898302634	0.003	53202	5912	2	0.560723951285521	0.5802680054758458	0.5611649624512199
6	1.0923259975157225	0.002996358255138437	53202	5912	2	0.5639377537212449	0.5851975001782567	0.5644994774333632
7	1.0857275378851508	0.002985450762768648	53202	5912	2	0.5612313937753721	0.5825082331538786	0.563278677830241
8	1.0832461150515944	0.0029673306630970397	53202	5912	2	0.557510148849797	0.5796592490498701	0.558926554219071
9	1.0793487307568348	0.0029420862354277866	53202	5912	2	0.5634303112313938	0.5811288685569206	0.5652584995249574
10	1.0740816183168365	0.0029098404680749333	53202	5912	2	0.571211096075778	0.5898114279433918	0.5735895950221677
11	1.0690904187957155	0.0028707504591756884	53202	5912	2	0.571041948579161	0.5886044088962507	0.57644753204356
12	1.0695761773089825	0.002825006651324096	53202	5912	2	0.5707036535859269	0.5907419004483127	0.5723700980402254
13	1.0669614924133677	0.002772831903753857	53202	5912	2	0.5678281461434371	0.5861902616525684	0.5692401235261106
14	1.0642965903502113	0.0027144804065905464	53202	5912	2	0.5727334235453315	0.5914773493357465	0.5743091787295798
15	1.0617408094439829	0.002650236442462872	53202	5912	2	0.5715493910690121	0.5910615519486223	0.5737765382827305
16	1.059504829668953	0.0025804130015062835	53202	5912	2	0.5671515561569689	0.5876399066036696	0.568339748216853
17	1.0566213169670085	0.002505350256506493	53202	5912	2	0.5683355886332883	0.5850872964548864	0.571095314512931
18	1.0528295081135277	0.002425413905611859	53202	5912	2	0.5740866035182679	0.5901331621213605	0.5782842633381491
19	1.0516439439241996	0.0023409933906887665	53202	5912	2	0.5739174560216509	0.5912801065728795	0.5784247788542393
20	1.0516069520080427	0.0022525	53202	5912	2	0.5737483085250338	0.5887411031244384	0.5757185934596777
21	1.0455397977797072	0.002160364864449671	53202	5912	2	0.5700270635994588	0.589380977305029	0.5723538580770683
22	1.0457532102866915	0.002065036857156789	53202	5912	2	0.5698579161028416	0.5876773761064135	0.572992498940056
23	1.044530232294776	0.0019669804065905465	53202	5912	2	0.5715493910690121	0.5881984431623836	0.5751636132841167
24	1.0436472361582814	0.0018666732339215032	53202	5912	2	0.5705345060893099	0.5884054515911253	0.5746143344676362
25	1.0416053606869515	0.0017646040256120612	53202	5912	2	0.5735791610284168	0.5893885961696131	0.5768625131088634
26	1.0403554533384853	0.001661270052585142	53202	5912	2	0.5725642760487145	0.5913367920748517	0.5758926113870886
27	1.0382378222435866	0.0015571747475702391	53202	5912	2	0.5730717185385656	0.591551502691586	0.5762563632116638
1	1.3292357895025737	0.0006000000000000001	53202	5912	3	0.5143775372124493	0.5374868985370916	0.5123992887954688
2	1.1380081832832396	0.0012000000000000001	53202	5912	3	0.5321380243572396	0.5541308466427454	0.527826464443708
3	1.1182530378964624	0.0018000000000000002	53202	5912	3	0.5392422192151556	0.5568251630608567	0.540192401063396
4	1.1086765746461562	0.0024000000000000002	53202	5912	3	0.5363667117726658	0.5584404096247121	0.5352431632203353
5	1.100049619799982	0.003	53202	5912	3	0.5443166441136671	0.5647149049707991	0.5471046574451583
6	1.0909024349823333	0.002996358255138437	53202	5912	3	0.5424560216508796	0.5607693818379078	0.54046712621978
7	1.0842804861384214	0.002985450762768648	53202	5912	3	0.5417794316644113	0.560857156514109	0.539676849074409
8	1.0785585099120574	0.0029673306630970397	53202	5912	3	0.5372124492557511	0.5454994495384607	0.5395013033115418
9	1.07644532135629	0.0029420862354277866	53202	5912	3	0.5380581867388363	0.5601245812547854	0.5350472845916389
10	1.0689555646458908	0.0029098404680749333	53202	5912	3	0.5480378890392422	0.5676710925239725	0.5493870760003176
11	1.065732239171135	0.0028707504591756884	53202	5912	3	0.5461772665764547	0.5662049671768768	0.5455024443864654
12	1.061157652961684	0.002825006651324096	53202	5912	3	0.5488836265223275	0.5669437547485263	0.5513006828124009
13	1.061317830214639	0.002772831903753857	53202	5912	3	0.5482070365358592	0.567255652953549	0.5513865288145816
14	1.0579181369756077	0.0027144804065905464	53202	5912	3	0.553958051420839	0.5727548990845324	0.557208414223305
15	1.0546870433335502	0.002650236442462872	53202	5912	3	0.5514208389715832	0.5649883360749793	0.5569456539215062
16	1.0530435989630913	0.0025804130015062835	53202	5912	3	0.5554803788903924	0.5718477269419369	0.5597105214518179
17	1.0503908412818876	0.002505350256506493	53202	5912	3	0.5458389715832206	0.5672769788526594	0.546405679488735
18	1.048863045658672	0.002425413905611859	53202	5912	3	0.5502368064952639	0.5687754126552867	0.5514000343174494
19	1.0477614063843943	0.0023409933906887665	53202	5912	3	0.5544654939106901	0.5737247721251366	0.5579804967694488
20	1.0437953691142676	0.0022525	53202	5912	3	0.5519282814614344	0.5720070017708369	0.5524382363041948
21	1.043557093818449	0.002160364864449671	53202	5912	3	0.5520974289580515	0.5725123187745423	0.554412791414463
22	1.0425165386281692	0.002065036857156789	53202	5912	3	0.5536197564276049	0.5711484640727605	0.5561463863798592
23	1.0393773790705603	0.0019669804065905465	53202	5912	3	0.5568335588633289	0.5740474934302543	0.5611280725272646
24	1.0371245856164277	0.0018666732339215032	53202	5912	3	0.5509133964817321	0.57054662757315	0.5520524489024043
25	1.0357135679326483	0.0017646040256120612	53202	5912	3	0.557510148849797	0.5723631990398107	0.5607614189979636
26	1.0332590748208756	0.001661270052585142	53202	5912	3	0.5602165087956699	0.5777149493438946	0.5635431982228559
27	1.0302324607306765	0.0015571747475702391	53202	5912	3	0.5588633288227334	0.5760065733247016	0.563248789364667
28	1.0305895133689087	0.0014528252524297616	53202	5912	3	0.5668132611637348	0.5828140191153115	0.570870430913576
29	1.0302070401641714	0.0013487299474148583	53202	5912	3	0.5614005412719891	0.5798948724218614	0.5641329518855595
30	1.026203473247687	0.0012453959743879393	53202	5912	3	0.5531123139377537	0.5732493794457526	0.5545934246806796
31	1.02451759662616	0.001143326766078497	53202	5912	3	0.5524357239512855	0.5723593309144358	0.5545885931917572
32	1.0249604234426193	0.0010430195934094538	53202	5912	3	0.5630920162381596	0.5804750668299447	0.5680826298257037
33	1.0194573624345316	0.0009449631428432115	53202	5912	3	0.5568335588633289	0.5753548676370377	0.5601920178834908
34	1.0195876124173975	0.0008496351355503292	53202	5912	3	0.5592016238159675	0.5768321056867631	0.562700062992883
35	1.0194738933786514	0.0007575000000000004	53202	5912	3	0.5580175913396481	0.5747408137361991	0.5619578815968266
36	1.0189485662588746	0.0006690066093112337	53202	5912	3	0.5632611637347767	0.5804301884931832	0.5675390112723195
1	1.331794255732495	0.0006000000000000001	53203	5912	4	0.5331529093369418	0.5557530455233087	0.5325888842999447
2	1.1444133655461588	0.0012000000000000001	53203	5912	4	0.5433017591339648	0.5615430369378842	0.5457563506992499
3	1.1199046765279361	0.0018000000000000002	53203	5912	4	0.5531123139377537	0.5733796156790117	0.5549507835447454
4	1.108693233155273	0.0024000000000000002	53203	5912	4	0.5498985115020297	0.5713325194275801	0.549069771114856
5	1.1034588656152027	0.003	53203	5912	4	0.5536197564276049	0.575295871913224	0.5548825939514828
6	1.0908148750121407	0.002996358255138437	53203	5912	4	0.5624154262516915	0.5812540681147248	0.5671744394645842
7	1.0855691432594377	0.002985450762768648	53203	5912	4	0.5514208389715832	0.5716157571626691	0.549215417822829
8	1.0804065058532184	0.0029673306630970397	53203	5912	4	0.5632611637347767	0.5818833490635066	0.5651788948417968
9	1.0789872059559389	0.0029420862354277866	53203	5912	4	0.5598782138024357	0.5798722043197572	0.5632147109999719
10	1.072519347100496	0.0029098404680749333	53203	5912	4	0.560723951285521	0.5802265642721394	0.5629837809232362
11	1.067065107860061	0.0028707504591756884	53203	5912	4	0.5614005412719891	0.5817042100749864	0.5626045856788041
12	1.066865106145482	0.002825006651324096	53203	5912	4	0.5651217861975643	0.5850803719175525	0.567601976775686
13	1.062419800093516	0.002772831903753857	53203	5912	4	0.5685047361299053	0.5865816831461313	0.5712803502799034
14	1.0604357835330198	0.0027144804065905464	53203	5912	4	0.5701962110960758	0.5880984842327682	0.5734335404135926
15	1.0572866833241585	0.002650236442462872	53203	5912	4	0.5652909336941814	0.584917213912592	0.5648265792688235
16	1.0559188755594235	0.0025804130015062835	53203	5912	4	0.5769621109607578	0.589232661652619	0.5820478278341392
17	1.0544869651060038	0.002505350256506493	53203	5912	4	0.570872801082544	0.5888181870833096	0.5698878524654669
18	1.0516203499901504	0.002425413905611859	53203	5912	4	0.5774695534506089	0.5944542820622382	0.5822375375363921
19	1.049675007425542	0.0023409933906887665	53203	5912	4	0.5663058186738836	0.5843881951225932	0.5682994248473722
20	1.0474460021204992	0.0022525	53203	5912	4	0.5690121786197564	0.5854163853716492	0.5727386000752756
21	1.0433748148909243	0.002160364864449671	53203	5912	4	0.567489851150203	0.5881873504167371	0.5690337151448283
22	1.0403989888215817	0.002065036857156789	53203	5912	4	0.5761163734776725	0.5909975153445445	0.5817081612105016
23	1.0421957020828774	0.0019669804065905465	53203	5912	4	0.5678281461434371	0.5858362749731045	0.5710753824106655
24	1.040225260540446	0.0018666732339215032	53203	5912	4	0.5698579161028416	0.5895969415044416	0.5723364252177895
25	1.038785514926905	0.0017646040256120612	53203	5912	4	0.567489851150203	0.587308698505115	0.5696694922025461
26	1.034892628296554	0.001661270052585142	53203	5912	4	0.5705345060893099	0.5890752367060618	0.5732603990329979
1	1.3479503298886675	0.0006000000000000001	53203	5912	5	0.5280784844384303	0.5470803346703651	0.528994152853873
2	1.146947606690828	0.0012000000000000001	53203	5912	5	0.543809201623816	0.5614828719653651	0.541444212087518
3	1.1208942902862757	0.0018000000000000002	53203	5912	5	0.5536197564276049	0.5697235630706571	0.553055066907491
4	1.1123614508328221	0.0024000000000000002	53203	5912	5	0.5556495263870095	0.5723295228309816	0.55583264804415
5	1.1042918861242819	0.003	53203	5912	5	0.5411028416779432	0.563860711760031	0.5397544784800917
6	1.097806274015926	0.002996358255138437	53203	5912	5	0.553958051420839	0.5753628822723739	0.5560597786112967
7	1.0874388172776932	0.002985450762768648	53203	5912	5	0.5570027063599459	0.5776547932477952	0.557990491899374
8	1.0826976016672734	0.0029673306630970397	53203	5912	5	0.5634303112313938	0.580953073372204	0.5685889317963145
9	1.077740170212972	0.0029420862354277866	53203	5912	5	0.5632611637347767	0.5806237195227225	0.5636292634300055
10	1.0708937840096684	0.0029098404680749333	53203	5912	5	0.5602165087956699	0.5812317732718432	0.5623549794810655
11	1.0694204904086526	0.0028707504591756884	53203	5912	5	0.56765899864682	0.5822456316436733	0.5714316974625223
12	1.0680887190275634	0.002825006651324096	53203	5912	5	0.5732408660351827	0.5900835084341179	0.5747543505146268
13	1.0621113310085997	0.002772831903753857	53203	5912	5	0.5686738836265224	0.587934905152356	0.5707107669063157
14	1.0596152156859733	0.0027144804065905464	53203	5912	5	0.571211096075778	0.5891284793674113	0.5708726830332423
15	1.0597120459963947	0.002650236442462872	53203	5912	5	0.5691813261163735	0.5811379352105697	0.5758133669295775
16	1.0528311063375602	0.0025804130015062835	53203	5912	5	0.5624154262516915	0.5820971455387439	0.5616869203531613
17	1.0535806692348124	0.002505350256506493	53203	5912	5	0.5713802435723951	0.5906721515928711	0.5743148244104793
18	1.0488952467401809	0.002425413905611859	53203	5912	5	0.5701962110960758	0.5864685641254311	0.5743339590016857
19	1.048330141328711	0.0023409933906887665	53203	5912	5	0.5737483085250338	0.5916881862540239	0.5759060997026076
20	1.0447301050887248	0.0022525	53203	5912	5	0.5698579161028416	0.589802525097214	0.5727543005996908
21	1.0438571705387165	0.002160364864449671	53203	5912	5	0.5673207036535859	0.588506369672088	0.5682357366761562
22	1.0419583522679472	0.002065036857156789	53203	5912	5	0.5690121786197564	0.5883253754490619	0.5705569565239479
23	1.0417297458818076	0.0019669804065905465	53203	5912	5	0.5703653585926928	0.5894968470197225	0.5733453246321197
24	1.039426917678272	0.0018666732339215032	53203	5912	5	0.5767929634641408	0.5945019525632618	0.5799415311961577
25	1.0364548108937264	0.0017646040256120612	53203	5912	5	0.5786535859269283	0.596885662780406	0.5809805388003483
26	1.035150562622555	0.001661270052585142	53203	5912	5	0.57797699594046	0.5955775318280289	0.5797457134084812
27	1.032308081730195	0.0015571747475702391	53203	5912	5	0.5801759133964818	0.5995427801662627	0.5822850797236406
28	1.0308766935050164	0.0014528252524297616	53203	5912	5	0.5756089309878214	0.594132505855972	0.5787629702580025
29	1.0307922881409102	0.0013487299474148583	53203	5912	5	0.5783152909336942	0.5949497822864075	0.579542346206192
30	1.0286817761683575	0.0012453959743879393	53203	5912	5	0.5791610284167794	0.5975445811810544	0.5820447468764504
31	1.0280953734054996	0.001143326766078497	53203	5912	5	0.5749323410013532	0.5937301464685275	0.5768907466293939
32	1.024243528443239	0.0010430195934094538	53203	5912	5	0.574594046008119	0.5927839115030754	0.577157072750285
33	1.0232442640954407	0.0009449631428432115	53203	5912	5	0.5796684709066305	0.5964183952838756	0.5832525598774435
34	1.022446085178249	0.0008496351355503292	53203	5912	5	0.5816982408660352	0.5972868497558659	0.5843045582488787
35	1.0224829578317651	0.0007575000000000004	53203	5912	5	0.5805142083897158	0.5987789268612455	0.5833422377474475
36	1.0199403376081233	0.0006690066093112337	53203	5912	5	0.5769621109607578	0.5939082788353934	0.5804213900875023
37	1.0172213905052976	0.0005845860943881409	53203	5912	5	0.5822056833558863	0.6008877639036988	0.5846264981647452
38	1.015744530811589	0.0005046497434935075	53203	5912	5	0.5803450608930988	0.5948886282528715	0.5855441503925061
39	1.017021462336686	0.00042958699849371683	53203	5912	5	0.5808525033829499	0.5992217578926149	0.583809868602161
40	1.0154764423100946	0.00035976355753712804	53203	5912	5	0.5786535859269283	0.5962170633573112	0.5819356644410189
41	1.0139231983504815	0.00029551959340945374	53203	5912	5	0.5803450608930988	0.5979373618476848	0.5825071163546164
42	1.0140662735333925	0.0002371680962461432	53203	5912	5	0.5796684709066305	0.597327131750558	0.5827747038426029
43	1.0125465930911977	0.00018499334867590414	53203	5912	5	0.5806833558863329	0.5984788758658253	0.5841234069792365
44	1.0131795770525562	0.00013924954082431153	53203	5912	5	0.577807848443843	0.5966007822464372	0.5808245652861085
45	1.0111761404634778	0.00010015953192506706	53203	5912	5	0.581359945872801	0.5988230234368948	0.5850202653761065
46	1.0104997401429914	6.791376457221325e-05	53203	5912	5	0.5803450608930988	0.598155970417273	0.5837006552003784
