epoch	train_loss	learning_rate	n_train	n_val	val_accuracy	val_balanced_accuracy	val_macro_f1	phase
1	1.3062911329399476	0.0006000000000000001	66503	7390.0	0.5246278755074425	0.5483945171680282	0.5244084789967098	
2	1.1390141709045207	0.0012000000000000001	66503	7390.0	0.5493910690121786	0.5657082276832069	0.551500271583088	
3	1.1182793007899647	0.0018000000000000002	66503	7390.0	0.5442489851150203	0.5668464709647179	0.5393185021463175	
4	1.1104264277317555	0.0024000000000000002	66503	7390.0	0.5512855209742896	0.5743485440965213	0.5490668317807038	
5	1.0995322825247107	0.003	66503	7390.0	0.5576454668470907	0.579125707322587	0.5577727367382662	
6	1.0947554055302509	0.002996358255138437	66503	7390.0	0.5638700947225981	0.5826611480232481	0.5625766937838405	
7	1.0819786449811488	0.002985450762768648	66503	7390.0	0.556021650879567	0.5752374452771867	0.5585086000571926	
8	1.080657602885543	0.0029673306630970397	66503	7390.0	0.5664411366711772	0.5790215634921246	0.5712284674767115	
9	1.073065429761453	0.0029420862354277866	66503	7390.0	0.5634641407307172	0.5815398300833691	0.5614851127294738	
10	1.0728901230500012	0.0029098404680749333	66503	7390.0	0.5592692828146143	0.5803471493853446	0.5563636515666489	
11	1.0650198225644993	0.0028707504591756884	66503	7390.0	0.5687415426251692	0.583373024185795	0.573020793128619	
12	1.0618383613326177	0.002825006651324096	66503	7390.0	0.5696887686062246	0.5887784097432792	0.5686665220592722	
13	1.0603124358938212	0.002772831903753857	66503	7390.0	0.5640054127198918	0.5847588702098381	0.5631272683901726	
14	1.0563975189538182	0.0027144804065905464	66503	7390.0	0.5675236806495264	0.5876689854096381	0.5688897169648852	
15	1.0554894788651377	0.002650236442462872	66503	7390.0	0.5703653585926928	0.5885546886170362	0.5693307089948906	
16	1.0522703806131426	0.0025804130015062835	66503	7390.0	0.5768606224627876	0.5905255890758387	0.5834507974014862	
17	1.0508937313669853	0.002505350256506493	66503	7390.0	0.5775372124492557	0.5912970212668744	0.5827417070554026	
18	1.048234072828315	0.002425413905611859	66503	7390.0	0.573342354533153	0.5914611914513488	0.5748535892782943	
19	1.0460566597526353	0.0023409933906887665	66503	7390.0	0.5760487144790257	0.5945535149314994	0.5774563372722243	
20	1.0448123500621145	0.0022525	66503	7390.0	0.5711772665764546	0.5905186927226882	0.5695695476356628	
21	1.0427949645007557	0.002160364864449671	66503	7390.0	0.5715832205683355	0.5912374043006414	0.568508455203059	
22	1.0382672177094878	0.002065036857156789	66503	7390.0	0.5784844384303113	0.5946522457371433	0.5829462206389223	
23	1.038247199914865	0.0019669804065905465	66503	7390.0	0.5767253044654939	0.5929418801497528	0.5790152108580848	
24	1.0379049905541768	0.0018666732339215032	66503	7390.0	0.5740189445196211	0.5925516589648541	0.5732779685677042	
1	1.2912659644774045	0.0006000000000000001	73893					refit_all
2	1.1354270808394389	0.0012000000000000001	73893					refit_all
3	1.1160263703320583	0.0018000000000000002	73893					refit_all
4	1.1097205808498152	0.0024000000000000002	73893					refit_all
5	1.0986855165864802	0.003	73893					refit_all
6	1.0881999716270165	0.002996358255138437	73893					refit_all
7	1.081220252113827	0.002985450762768648	73893					refit_all
8	1.0782552725667696	0.0029673306630970397	73893					refit_all
9	1.071917715125289	0.0029420862354277866	73893					refit_all
10	1.0681770303069866	0.0029098404680749333	73893					refit_all
11	1.0637958829838152	0.0028707504591756884	73893					refit_all
12	1.0601936018139617	0.002825006651324096	73893					refit_all
13	1.0596524585932932	0.002772831903753857	73893					refit_all
14	1.057264363233499	0.0027144804065905464	73893					refit_all
15	1.0539334840784087	0.002650236442462872	73893					refit_all
16	1.052736964684002	0.0025804130015062835	73893					refit_all
